书名,作者,评分,评价,评价人数,出版日期,单价,URL
追风筝的人,[美] 卡勒德·胡赛尼 ,8.9,为你，千千万万遍,312816, 2006-5 , 29.00元,https://book.douban.com/subject/1770782/
小王子,[法] 圣埃克苏佩里 ,9.0,献给长成了大人的孩子们,241796, 2003-8 , 22.00元,https://book.douban.com/subject/1084336/
围城,钱锺书 ,8.9,对于“人艰不拆”四个字最彻底的违抗,199088, 1991-2 , 19.00,https://book.douban.com/subject/1008145/
解忧杂货店,[日] 东野圭吾 ,8.6,一碗精心熬制的东野牌鸡汤，拒绝很难,281321, 2014-5 , 39.50元,https://book.douban.com/subject/25862578/
活着,余华 ,9.1,活着本身就是人生最大的意义,145935, 1998-5 , 12.00元,https://book.douban.com/subject/1082154/
白夜行,[日] 东野圭吾 ,9.1,暗夜独行的残破灵魂，爱与恶本就难分难舍,211259, 2008-9 , 29.80元,https://book.douban.com/subject/3259440/
挪威的森林,[日] 村上春树 ,8.0,村上之发轫，多少人的青春启蒙,194597, 2001-2 , 18.80元,https://book.douban.com/subject/1046265/
嫌疑人X的献身,[日] 东野圭吾 ,8.9,数学好是一种极致的浪漫,163331, 2008-9 , 28.00,https://book.douban.com/subject/3211779/
三体,刘慈欣 ,8.8,你我不过都是虫子,167748, 2008-1 , 23.00,https://book.douban.com/subject/2567698/
不能承受的生命之轻,[捷克] 米兰·昆德拉 ,8.5,朝向媚俗的一次伟大的进军,140055, 2003-7 , 23.00元,https://book.douban.com/subject/1017143/
红楼梦,[清] 曹雪芹 著 ,9.6,谁解其中味？,130440, 1996-12 , 59.70元,https://book.douban.com/subject/1007305/
梦里花落知多少,郭敬明 ,7.1,只是青春留下的余烬,149819, 2003-11 , 20.00元,https://book.douban.com/subject/1016300/
达·芬奇密码,[美] 丹·布朗 ,8.2,一切畅销的因素都有了,131720, 2004-2 , 28.00元,https://book.douban.com/subject/1040771/
看见,柴静 ,8.8,在这里看见中国,130491, 2013-1-1 , 39.80元,https://book.douban.com/subject/20427187/
百年孤独,[哥伦比亚] 加西亚·马尔克斯 ,9.2,尼采所谓的永劫复归，一场无始无终的梦魇,130636, 2011-6 , 39.50元,https://book.douban.com/subject/6082808/
1988：我想和这个世界谈谈,韩寒 ,7.9,车手韩寒的公路小说,123925, 2010-9 , 25.00元,https://book.douban.com/subject/5275059/
何以笙箫默,顾漫 ,7.8,倒追有风险，入行需谨慎,121964, 2007-4 , 15.00元,https://book.douban.com/subject/1461903/
平凡的世界（全三部）,路遥 ,9.0,中国当代城乡生活全景,107832, 2005-1 , 64.00元,https://book.douban.com/subject/1200840/
简爱（英文全本）,[英] 夏洛蒂·勃朗特 ,8.5,灰姑娘在十九世纪,112434, 2003-11 , 18.00元,https://book.douban.com/subject/1141406/
哈利·波特与魔法石,[英] J. K. 罗琳 ,9.0,羽加迪姆勒维奥萨！,90844, 2000-9 , 19.50元,https://book.douban.com/subject/1041007/
白夜行,东野圭吾 ,9.2,封面剧透,112804, 2013-1-1 , 39.50元,https://book.douban.com/subject/10554308/
三体Ⅱ,刘慈欣 ,9.3,无边的黑暗森林，比第一部更为恢弘壮丽,99334, 2008-5 , 32.00,https://book.douban.com/subject/3066477/
飘,[美国] 玛格丽特·米切尔 ,9.3,革命时期的爱情，随风而逝,82671, 2000-9 , 40.00元,https://book.douban.com/subject/1068920/
送你一颗子弹,刘瑜 ,8.6,犀利又温柔，穿过胸口隐隐作痛,92870, 2010-1 , 25.00元,https://book.douban.com/subject/4238362/
三体Ⅲ,刘慈欣 ,9.2,终章，何去何从,98720, 2010-11 , 38.00元,https://book.douban.com/subject/5363767/
天才在左 疯子在右,高铭 ,8.2,简称“疯癫与文明”,97975, 2010-2 , 29.80元,https://book.douban.com/subject/4242172/
傲慢与偏见,[英] 奥斯丁 ,8.8,所有现代言情小说的母体,89253, 1993-7 , 13.00元,https://book.douban.com/subject/1083428/
倾城之恋,张爱玲 ,8.5,一段姻缘，需要一座城的倾覆来成全,91576, 1997-3-1 , 11.00,https://book.douban.com/subject/1090043/
三重门,韩寒 ,7.4,“我是金子，我要发光的”,97695, 2000-5 , 16.00,https://book.douban.com/subject/1026425/
杜拉拉升职记,李可 ,7.8,职场丛林生存手册,90142, 2007-9 , 26.00元,https://book.douban.com/subject/2256039/
明朝那些事儿（壹）,当年明月 ,8.7,历史本就是一件件“事儿”拼成的,86873, 2006-9 , 24.80,https://book.douban.com/subject/1873231/
哈利·波特与阿兹卡班的囚徒,[英] J. K. 罗琳 ,8.9,小天狼星布莱克,75942, 2000-9 , 26.50元,https://book.douban.com/subject/1071241/
目送,龙应台 ,8.7,不必追,86249, 2009-10 , 39.00元,https://book.douban.com/subject/3995526/
情人,[法] 玛格丽特·杜拉斯 ,8.1,我已经老了，你呢？,89355, 2005-7 , 20.00元,https://book.douban.com/subject/1400705/
哈利·波特与密室,[英] J. K. 罗琳 ,8.9,渐入佳境，魔法世界全貌初现,73487, 2000-9 , 22.00元,https://book.douban.com/subject/1039487/
万历十五年,[美] 黄仁宇 ,8.9,见微知著，历史观的颠覆,66478, 1997-5 , 18.00元,https://book.douban.com/subject/1041482/
我们仨,杨绛 ,8.7,平淡，坚忍，温情,87251, 2003-7 , 18.80元,https://book.douban.com/subject/1023045/
幻城,郭敬明 ,7.0,如今的小四已经无法评价，往事犹可追,92468, 2003-1 , 28.00元,https://book.douban.com/subject/1059406/
致我们终将逝去的青春,辛夷坞 ,7.8,青春总是用残忍的方式提醒你它已退场,82972, 2007-8 , 25.00元,https://book.douban.com/subject/2209098/
1Q84 BOOK 1,[日] 村上春树 ,8.3,村上的野望，欢迎来到1Q84年,80867, 2010-5 , 36.00元,https://book.douban.com/subject/4742918/
狼图腾,姜戎 ,8.3,我们都是 狼的传人？,80917, 2004-4 , 32.00元,https://book.douban.com/subject/1022060/
微微一笑很倾城,顾漫 ,8.0,一场盛大的意淫,80597, 2009-8 , 25.00,https://book.douban.com/subject/3879301/
独唱团（第一辑）,韩寒 主编 ,7.8,独唱的人多了，也便成了团,80757, 2010-7-6 , 16.00元,https://book.douban.com/subject/4886245/
莲花,安妮宝贝 ,8.0,三个生命的交逢，灵魅清冷,78747, 2006-3 , 25.00元,https://book.douban.com/subject/1529893/
哈利·波特与火焰杯,[英] J. K. 罗琳 ,9.0,整个系列的分水岭，暗色渐浓,73623, 2001-5 , 39.80元,https://book.douban.com/subject/1009257/
边城,沈从文 ,8.6,如水一般的忧愁与怅惘,74841, 2002-4 , 12.00元,https://book.douban.com/subject/1057244/
月亮和六便士,[英] 毛姆 ,9.0,有多少人会经历顿悟，就有更少的人甘愿自我放逐,78633, 2006-8 , 15.00元,https://book.douban.com/subject/1858513/
向左走·向右走,幾米 ,8.4,两条平行线相遇的可能,72102, 2002-8 , 16.00元,https://book.douban.com/subject/1066462/
活着,余华 ,9.3,生的苦难与伟大,91389, 2012-8 , 20.00元,https://book.douban.com/subject/4913064/
穆斯林的葬礼,霍达 ,8.2,时代烙印鲜明的民族史诗,75007, 1988-12-1 , 32.00,https://book.douban.com/subject/1082334/
从你的全世界路过,张嘉佳 ,7.1,戳中了现代人的某些柔软之处,83427, 2013-11-1 , CNY 39.80,https://book.douban.com/subject/25747921/
悲伤逆流成河,郭敬明 ,6.2,少年不识愁滋味,87298, 2007-5 , 24.00元,https://book.douban.com/subject/2062200/
恶意,[日] 东野圭吾 ,8.4,无缘由的恨，冰冷彻骨,77445, 2009-6 , 18.00,https://book.douban.com/subject/3646172/
天龙八部,金庸 ,9.1,“有情皆孽，无人不冤”,58765, 1994-5 , 96.0,https://book.douban.com/subject/1255625/
放学后,[日]东野圭吾 ,7.6,东野圭吾处女作,81300, 2010-1 , 20.00元,https://book.douban.com/subject/4074636/
Harry Potter and the Deathly Hallows,J.K.Rowling ,8.9,final episode,7320, 2007-7-21 , 34.99美元,https://book.douban.com/subject/1975797/
长安乱,韩寒 ,7.4,韩少也会借古喻今了,75053, 2004-8 , 20.00元,https://book.douban.com/subject/1049219/
哈利·波特与混血王子,[英] J. K. 罗琳 ,8.8,感情线纷乱的一部。再见邓布利多,64457, 2005-10 , 58.00元,https://book.douban.com/subject/1432596/
一个人的好天气,[日] 青山七惠 ,7.6,冬日暖阳的温煦感,73527, 2007-9 , 15.00元,https://book.douban.com/subject/2250587/
苏菲的世界,（挪威）乔斯坦·贾德 ,8.5,最平易近人的哲学入门,65045, 1999-04 , 26.80元,https://book.douban.com/subject/1045818/
许三观卖血记,余华 ,8.7,余华的悲凉，都在那一碗炒猪肝里了,67747, 1998-9 , 16.80元,https://book.douban.com/subject/1029791/
1995-2005夏至未至,郭敬明 ,7.3,当青春遁入歧途,69534, 2005-2 , 24.00元,https://book.douban.com/subject/1049189/
撒哈拉的故事,三毛 ,9.0,关于漂泊的一切,64813, 1976 , 160 TWD,https://book.douban.com/subject/1361264/
盗墓笔记,南派三叔 ,8.3,想象奇诡的大型RPG游戏,65708, 2007-1 , 26.80元,https://book.douban.com/subject/1948901/
霍乱时期的爱情,[哥伦比亚] 加西亚·马尔克斯 ,9.0,义无反顾地直达爱情的核心,72091, 2012-9-1 , 39.50元,https://book.douban.com/subject/10594787/
哈利·波特与凤凰社,[英] J. K. 罗琳 ,8.7,暴脾气的哈利,60936, 2003-9 , 59.00元,https://book.douban.com/subject/1013129/
喜宝,亦舒 ,8.1,爱情才是终极的奢侈品,45799, 2007-2 , 22.00元,https://book.douban.com/subject/2022979/
岛上书店,[美] 加·泽文 ,7.6,爱书的人从不孤独,82151, 2015-5-1 , CNY 35.00,https://book.douban.com/subject/26340138/
三生三世 十里桃花,唐七公子 ,7.9,大风刮过有话要说,70116, 2009-1 , 26.80,https://book.douban.com/subject/3426869/
海边的卡夫卡,[日] 村上春树 ,8.1,背负诅咒的少年，平行世界中的奥德赛,63883, 2003-4 , 25.00元,https://book.douban.com/subject/1059419/
文化苦旅,余秋雨 ,7.7,“历史文化散文”,66941, 2001-4 , 22.00元,https://book.douban.com/subject/1050339/
基督山伯爵,大仲马 ,9.0,完美的复仇，金庸用法语写作应该就是这样,53517, 1991-12-1 , 43.90元,https://book.douban.com/subject/1085860/
窗边的小豆豆,[日] 黑柳彻子 著 ,8.7,真正懂孩子的教育经,61935, 2003-1 , 20.00元,https://book.douban.com/subject/1007914/
三国演义（全二册）,[明] 罗贯中 ,9.2,是非成败转头空,57222, 1998-05 , 39.50元,https://book.douban.com/subject/1019568/
黄金时代,王小波 ,8.8,能把性爱写得如此坦荡的，大概只有王二了,62190, 1999-3 , 19.00元,https://book.douban.com/subject/1089243/
悟空传,今何在 ,8.4,猴子还是那个猴子，世界早已不是原来的世界,63294, 2001-4 , 14.80元,https://book.douban.com/subject/1003000/
兄弟（上）,余华 ,8.3,历史苦难中的个人灾变,60077, 2005-8 , 16.00元,https://book.douban.com/subject/1401425/
呼啸山庄,艾米莉·勃朗特 ,8.4,近乎暴虐的爱与恨，中文译名后无来者,59856, 1999-1 , 27.30元,https://book.douban.com/subject/1119522/
笑傲江湖（全四册）,金庸 ,9.0,武侠的壳，政治斗争的核,52200, 1994-5 , 76.80元,https://book.douban.com/subject/1002299/
少有人走的路,[美] M·斯科特·派克 ,8.4,成熟的心智通向更完善的自我,58458, 2007-1 , 26.00元,https://book.douban.com/subject/1775691/
民主的细节,刘瑜 ,8.6,公民养成手册,55608, 2009-6 , 25.00,https://book.douban.com/subject/3813669/
亲爱的安德烈,龙应台 ,8.7,龙应台母子对话，两代人的思想碰撞,56875, 2008-12 , 26.00,https://book.douban.com/subject/3369793/
灿烂千阳,[美] 卡勒德·胡赛尼 ,8.8,唯有希望与爱可以驱散阴霾,56476, 2007-9 , 28.00元,https://book.douban.com/subject/2143732/
老人与海,海明威 ,8.3,正是悲壮赋予生活以意义,57686, 1999-10 , 8.20元,https://book.douban.com/subject/1064275/
遇见未知的自己,张德芬 ,8.1,都市灵修速成,55921, 2008-1 , 29.00,https://book.douban.com/subject/2340100/
一九八四·动物农场,[英] 乔治·奥威尔 ,9.3,一个预言和一个寓言，令人窒息的政治恐怖,25328, 2003-4 , 23.00元,https://book.douban.com/subject/1082387/
牧羊少年奇幻之旅,[巴西]保罗·柯艾略 ,8.6,你自己就是最大的宝藏,58634, 2009-3-1 , 25.00元,https://book.douban.com/subject/3608208/
福尔摩斯探案全集（上中下）,[英] 阿·柯南道尔 ,9.2,侦探小说鼻祖,50005, 53.00元,68.00元,https://book.douban.com/subject/1040211/
小时代1.0折纸时代,郭敬明 ,6.5,温习了很多奢侈品品牌名称,61958, 2008-10 , 29.80元,https://book.douban.com/subject/3191328/
洛丽塔,[美] 弗拉基米尔·纳博科夫 ,7.7,我的生命之光，我的欲望之火,56262, 2005-12 , 27.00元,https://book.douban.com/subject/1465324/
百年孤独,[哥伦比亚] 加西亚·马尔克斯 ,8.9,拉丁美洲圣经,48544, 1989-10 , 12.70元,https://book.douban.com/subject/1786670/
1Q84 BOOK 2,[日] 村上春树 ,8.4,情节铺展渐次清明，高潮序曲,52382, 2010-6 , 36.00元,https://book.douban.com/subject/4885241/
素年锦时,安妮宝贝 ,7.8,呢喃自语，清简自持,52529, 2007-9 , 27.00元,https://book.douban.com/subject/2256438/
情书,[日] 岩井俊二 ,8.6,一场误会中的两段爱情，东方式的含蓄隐忍,49888, 2004-7 , 18.00元,https://book.douban.com/subject/1080370/
第一次的亲密接触,蔡智恒 ,7.4,那时候，去麦当劳约会还很高端……,53404, 1999-11-1 , 12.80,https://book.douban.com/subject/1024217/
神雕侠侣,金庸 ,8.8,至情至性，情大于武,47460, 1994-5 , 76.80元,https://book.douban.com/subject/1255624/
一座城池,韩寒 ,7.4,可能是韩寒最好笑的小说,53125, 2006-1 , 19.90元,https://book.douban.com/subject/1453210/
茶花女,小仲马 ,8.2,妓女应当拥有爱情吗？,51822, 1997-3 , 9.00元,https://book.douban.com/subject/1013380/
麦田里的守望者,[美国] J. D. 塞林格 ,7.9,塞林格的麦田里，到处是坠落的青春,53032, 1997-2 , 7.80元,https://book.douban.com/subject/1082518/
他的国,韩寒 ,7.5,总有光芒将你引导到清澈的地方,51396, 2009-1 , 25.00元,https://book.douban.com/subject/3394338/
彼岸花,安妮宝贝 ,7.8,安妮宝贝第一部长篇，现实与虚构的重合,48993, 2001-9 , 20.00元,https://book.douban.com/subject/1065970/
西决,笛安 ,7.9,无关风月的非典型青春小说,48784, 2009-3 , 22.80元,https://book.douban.com/subject/3598313/
东方快车谋杀案,[英] 阿加莎·克里斯蒂 ,9.0,谋杀诡计惊人，波洛的抉择耐人寻味,41577, 2006-5 , 18.00元,https://book.douban.com/subject/1827374/
挪威的森林,[日] 村上春树 ,8.5,初读是色情，再读是爱情，三读是世情,52393, 2007-7 , 23.00元,https://book.douban.com/subject/2159042/
这些都是你给我的爱,文：安东尼 ,8.4,只言片语的温暖,45059, 2010-3 , 24.80元,https://book.douban.com/subject/4714734/
这些人，那些事,吴念真 ,8.8,平淡叙述下的惊心动魄,44404, 2011-9 , 28.00元,https://book.douban.com/subject/6388661/
八月未央,安妮宝贝 ,7.5,八月是一阵季风，生命是一场幻觉,48739, 2001-1 , 16.00元,https://book.douban.com/subject/1029159/
当我谈跑步时我谈些什么,[日] 村上春树 ,8.1,村上同志告诉我们，身体是革命的本钱,48236, 2009-1 , 25.00,https://book.douban.com/subject/3369600/
明朝那些事儿（贰）,当年明月 ,8.9,万国来朝与北京保卫战，燃,43938, 2007-1 , 24.80,https://book.douban.com/subject/1949338/
清醒纪,安妮宝贝 ,7.9,遗忘就和记得一样是送给彼此的纪念,45352, 2004-10 , 22.00元,https://book.douban.com/subject/1030052/
一个陌生女人的来信,[奥] 斯台芬·茨威格 ,8.7,暗恋的极致,47294, 2007-7 , 20.00元,https://book.douban.com/subject/2154960/
蔡康永的说话之道,蔡康永 著 ,7.1,会说话的人运气都不会太差,50638, 2010-10 , 25.00元,https://book.douban.com/subject/5317075/
偷影子的人,(法)马克·李维 ,7.8,为偷来的影子找到光芒,56008, 2012-6-20 , 29.80元,https://book.douban.com/subject/10763902/
陪安东尼度过漫长岁月,安东尼 ,8.3,真正的片段式写作,43244, 2008-3 , 18.00,https://book.douban.com/subject/3014576/
沉默的大多数,王小波 ,9.1,沉默是沉默者的通行证,44708, 1997-10 , 27.00元,https://book.douban.com/subject/1054685/
白鹿原,陈忠实 ,8.6,中国乡村史诗,46703, 1997-12 , 28.00元,https://book.douban.com/subject/1085799/
芒果街上的小屋,[美国] 桑德拉·希斯内罗丝 ,7.8,那些微尘般漂浮的生活,44918, 2006-6 , 24.50元,https://book.douban.com/subject/1794620/
羊脂球,（法）莫泊桑 ,8.1,资产阶级的道貌岸然,45059, 2007-6 , 13.50元,https://book.douban.com/subject/1205370/
鲁滨逊漂流记,[英] 笛福 ,8.0,最早的荒野求生,46312, 2002-1 , 9.20元,https://book.douban.com/subject/1016003/
灌篮高手31,[日] 井上雄彦 ,9.5,全剧终,27251, 2005-1 , 7.50元,https://book.douban.com/subject/1221515/
撒哈拉的故事,三毛 ,9.2,游荡的自由灵魂,40106, 2003-8 , 15.80元,https://book.douban.com/subject/1060068/
巴黎圣母院,[法]雨果 ,8.3,潜藏于残缺下的美与崇高,43673, 1982-6 , 22.50元,https://book.douban.com/subject/1024197/
肖申克的救赎,[美] 斯蒂芬·金 ,9.1,希望让人自由，电影实在太有名,40785, 2006-7 , 29.90元,https://book.douban.com/subject/1829226/
麦田里的守望者,[美国] J. D. 塞林格 ,8.1,反英雄霍尔顿的一生,44111, 2007-3 , 28.00元,https://book.douban.com/subject/2053249/
无声告白,[美] 伍绮诗 ,8.2,莉迪亚死了，可他们还不知道,51198, 2015-7 , 35.00元,https://book.douban.com/subject/26382433/
嫌疑人X的献身,（日）东野圭吾 ,9.0,东野说，这是最纯粹的爱情,40360, 2009年11月 , 19.80元,https://book.douban.com/subject/4117922/
山楂树之恋,艾米 ,7.8,明净单纯,41483, 2007-9 , 25.00元,https://book.douban.com/subject/2243213/
华胥引（全二册）,唐七公子 ,8.4,现实不如梦中的圆满,40651, 2011-1 , 39.80元,https://book.douban.com/subject/5916880/
地下铁,幾米 ,8.3,黑暗世界中的点滴亮光,39900, 2002-2 , 32.00元,https://book.douban.com/subject/1056733/
且听风吟,[日] 村上春树 ,7.8,我们通过孤独与世界沟通,43646, 2001-8 , 11.80元,https://book.douban.com/subject/1039752/
钢铁是怎样炼成的,[苏] 尼·奥斯特洛夫斯基 ,7.6,激情燃烧的岁月，特殊年代的经典,45172, 1996-10 , 20.00元,https://book.douban.com/subject/1013502/
红玫瑰与白玫瑰,张爱玲 ,8.4,蚊子血还是饭黏子？,41504, 1996-06 , 12.80元,https://book.douban.com/subject/1014278/
人生若只如初见,安意如 ,7.2,是“何事秋风悲画扇”，不是西风,43829, 2006-8 , 23.80元,https://book.douban.com/subject/1856285/
人间失格,太宰治 ,8.3,令人无从怜悯的绝望,49651, 2009年9月 , 16.00元,https://book.douban.com/subject/4011670/
鬼吹灯之精绝古城,天下霸唱 ,8.1,盗墓祖师名不虚传,41243, 2006 , 25.0,https://book.douban.com/subject/1882933/
安徒生童话故事集,（丹麦）安徒生 ,9.2,远不是童话那么简单,36490, 1997-08 , 25.00,https://book.douban.com/subject/1046209/
呐喊,鲁迅 ,8.8,新文学的第一声呐喊,39015, 1973年3月 , 0.36元,https://book.douban.com/subject/1449351/
小团圆,张爱玲 ,7.6,自传性作品，团圆只存在幻灭之中,41642, 2009-4 , 28.00,https://book.douban.com/subject/3616310/
泡沫之夏,明晓溪 ,6.9,霸道总裁爱上我,43257, 2006-3 , 20.00元,https://book.douban.com/subject/1596305/
会有天使替我爱你,明晓溪 ,6.6,理想化,44254, 2005-5 , 20.00元,https://book.douban.com/subject/1291760/
1984,[英] 乔治·奥威尔 ,9.3,栗树荫下，我出卖你，你出卖我,46586, 2010-4-1 , 28.00,https://book.douban.com/subject/4820710/
年华是无效信,落落 ,7.6,女生间的微妙友谊,39665, 2005-2 , 20.00元,https://book.douban.com/subject/1227838/
幻夜,〔日〕东野圭吾 ,7.5,《白夜行》续篇，恶的幻夜吞噬一切,45112, 2009年9月 , 28.00元,https://book.douban.com/subject/4009552/
在路上,[美] 杰克·凯鲁亚克 ,7.8,我们非去不可，在到达之前，永不停止,39421, 2006-10 , 28.00元,https://book.douban.com/subject/1917972/
射雕英雄传（全四册）,金庸 ,8.9,侠之大者，为国为民,34041, 1999-04 , 47.00元,https://book.douban.com/subject/1044547/
明朝那些事儿（1-9）,当年明月 ,9.1,不拘一格的历史书写,39940, 2009-4 , 358.20元,https://book.douban.com/subject/3674537/
月亮忘記了,幾米 ,8.6,月明星稀的晚上，看不见的，看见了,35917, 2000-2-1 , NT$ 299,https://book.douban.com/subject/1358873/
明朝那些事儿（叁）,当年明月 ,8.9,圣人般的王守仁，大娱乐家朱厚照,36559, 2007-4 , 24.80,https://book.douban.com/subject/2052448/
哭泣的骆驼,三毛 ,8.9,沙漠中寻常的生与死,30933, 2003-6 , 15.80元,https://book.douban.com/subject/1029111/
原来你还在这里,辛夷坞 ,7.6,还在的只有回忆,39009, 2007-10 , 25.00元,https://book.douban.com/subject/2331434/
半生缘,张爱玲 ,8.6,世钧，我们回不去了,38133, 2006-12 , 28.00元,https://book.douban.com/subject/1963684/
此间的少年,江南 ,8.4,象牙塔里的金庸群侠,36263, 2004-1 , 25.00元,https://book.douban.com/subject/1020459/
货币战争,宋鸿兵 编著 ,7.2,无所不能的罗斯柴尔德家族,40185, 2007-6 , 38.00元,https://book.douban.com/subject/2081876/
佳期如梦,匪我思存 ,7.9,玛丽苏成人童话,36458, 2007-2 , 20.00元,https://book.douban.com/subject/1962929/
人类简史,[以色列]尤瓦尔·赫拉利 ,9.1,,48189, 2014-11-1 , CNY 68.00,https://book.douban.com/subject/25985021/
无人生还,[英] 阿加莎・克里斯蒂 ,8.9,童谣杀人案,37763, 2008-3 , 19.00,https://book.douban.com/subject/3006581/
一個人住第5年,高木直子 ,8.4,独居生活之乐,35238, 2004-12-1 , NT$220,https://book.douban.com/subject/1346815/
了不起的盖茨比,菲茨杰拉德 ,8.3,梦，就像黛西家的那一缕绿光,39707, 2004-06 , 12.00元,https://book.douban.com/subject/1008988/
时间旅行者的妻子,[美] 奥德丽·尼芬格 ,8.1,在时间的缝隙中穿行，然后相遇,35850, 2007-4 , 29.90元,https://book.douban.com/subject/2056749/
告别薇安,安妮宝贝 ,7.5,七月与安生,37881, 2000-1 , 19.00,https://book.douban.com/subject/1016523/
常识,梁文道 ,8.1,献给这个常识稀缺的时代,36015, 2009-1 , 38.00,https://book.douban.com/subject/3344676/
爱你就像爱生命,王小波 ,8.8,王小波与李银河的两地书,38329, 2008-5 , 18.00元,https://book.douban.com/subject/3071717/
撒哈拉的故事,三毛 ,9.3,不枉来这世上走一遭,36996, 2011-1-7 , 24.00元,https://book.douban.com/subject/6710437/
步步惊心,桐华 ,8.1,现世太苦，不如穿越回去从头来过,35750, 2006-6 , 25.00元,https://book.douban.com/subject/1812439/
皮囊,蔡崇达 ,7.6,皮囊之下，骨肉相连,45269, 2014-12-1 , 39.80元,https://book.douban.com/subject/26278687/
二三事,安妮宝贝 ,7.7,关于遗忘和记得的故事,35983, 2004-1 , 20.00元,https://book.douban.com/subject/1058234/
兄弟（下）,余华 ,7.4,失控边缘的下部，但谁说荒诞就是不真,38001, 2006-3 , 27.00元,https://book.douban.com/subject/1703544/
孤独六讲,蒋勋 ,8.1,作为一种美学的孤独,37075, 2009-10-1 , 36.00元,https://book.douban.com/subject/4124727/
乌合之众,(法)古斯塔夫.勒庞 ,8.3,群氓心理剖析,39763, 1998-01 , 16.00元,https://book.douban.com/subject/1012611/
盗墓笔记2,南派三叔 ,8.2,秦岭神树细思极恐,35480, 2007-4 , 26.80元,https://book.douban.com/subject/2057285/
明朝那些事儿（肆）,当年明月 ,8.8,大明朝当真名士如云,33520, 2007-9 , 24.80,https://book.douban.com/subject/2253642/
失恋33天,鲍鲸鲸 ,8.1,失恋是一种病，痊愈之后百毒不侵,34224, 2010-1 , 25.00元,https://book.douban.com/subject/4238754/
动物农场,[英] 乔治·奥威尔 ,9.2,太阳底下并无新事,35111, 2007-3 , 10.00元,https://book.douban.com/subject/2035179/
左耳,饶雪漫 ,7.0,当时只道是寻常,38349, 2006-2 , 22.00元,https://book.douban.com/subject/1469051/
鹿鼎记（全五册）,金庸 ,8.8,武侠的解构，流氓的狂欢,28510, 2008-3 , 108.00元,https://book.douban.com/subject/1212893/
荆棘鸟,[澳] 考琳·麦卡洛 ,8.6,澳洲乱世情,32553, 1998-7 , 28.00元,https://book.douban.com/subject/1086249/
左手倒影，右手年华。,郭敬明 ,6.7,明媚啊明媚,38372, 2003-5 , 16.00元,https://book.douban.com/subject/1006881/
零下一度,韩寒 ,7.2,青春期习作,36149, 2000-08 , 12.00,https://book.douban.com/subject/1034108/
像少年啦飞驰,韩寒 ,7.3,属于少年的日子飞驰而过,36162, 2002-1 , 16.00元,https://book.douban.com/subject/1009160/
寻路中国,[美] 彼得·海斯勒 ,9.0,中国在路上，非虚构写作所能达到的高度,31512, 2011-1 , 33.00元,https://book.douban.com/subject/5414391/
被窝是青春的坟墓,七堇年 ,7.7,“要有最朴素的生活，与最遥远的梦想“,34259, 2007-11 , 22.00元,https://book.douban.com/subject/2339950/
我们台湾这些年,廖信忠 ,7.4,平民视角下的台湾大事记,35392, 2009-11 , 29.80元,https://book.douban.com/subject/4113090/
1Q84 BOOK 3,[日] 村上春树 ,7.6,兜了一大圈，村上还是回归了他的小确幸,35642, 2011-1 , 39.50元,https://book.douban.com/subject/5502995/
关于莉莉周的一切,[日] 岩井俊二 ,7.7,残酷青春的艰难呼吸,33646, 2006-12 , 28.00元,https://book.douban.com/subject/1926700/
机器猫哆啦A梦23,藤子・F・不二雄 ,9.5,满满的回忆,27924, 1999-12 , 8.00,https://book.douban.com/subject/1204889/
阿Q正传,鲁迅 ,8.7,哀其不幸，怒其不争,31762, 2003-7 , 14.50元,https://book.douban.com/subject/1088065/
乖，摸摸头,大冰 ,7.4,他人的生活总是比你的精彩,36472, 2014-9-1 , 36.00元,https://book.douban.com/subject/25984204/
大地之灯,七堇年 ,8.2,两代人的成长与救赎,31105, 2007-1 , 22.00元,https://book.douban.com/subject/1963310/
摆渡人,[英]克莱儿·麦克福尔 ,6.2,,48591, 2015-6-1 , 36.00,https://book.douban.com/subject/26356948/
黄金时代,王小波 ,8.9,永远生猛下去,31698, 2009-07-01 , 23.00元,https://book.douban.com/subject/1082406/
明朝那些事儿（伍）,当年明月 ,8.8,内忧外患之际，你方唱罢我登场,30521, 2008-3 , 28.80,https://book.douban.com/subject/3009821/
骆驼祥子,老舍 ,8.2,如骆驼喘息般深刻的绝望,35178, 2000-3-1 , 12.00,https://book.douban.com/subject/1043815/
盗墓笔记3,南派三叔 ,8.4,逼近死亡的云顶天宫之旅,31478, 2007-11 , 26.80元,https://book.douban.com/subject/2298149/
麦琪的礼物,[美] 欧·亨利 ,8.6,日常的奇迹,30589, 2003-7 , 25.00元,https://book.douban.com/subject/1051193/
格林童话全集,格林兄弟 ,8.9,许多隐晦,29504, 1994-11 , 21.45元,https://book.douban.com/subject/1043008/
如何阅读一本书,[美] 莫提默·J. 艾德勒 ,8.4,读书的方法论,34469, 2004-1 , 38.00元,https://book.douban.com/subject/1013208/
当我们谈论爱情时我们在谈论什么,[美] 雷蒙德·卡佛 ,7.8,疏离而断裂，生活的冷与干涩,33590, 2010-1 , 22.00元,https://book.douban.com/subject/4010969/
尘埃落定,阿来 ,8.4,一个傻子的土司家族传奇,31235, 1998-3-1 , 22.0,https://book.douban.com/subject/1080309/
水仙已乘鲤鱼去,张悦然 ,7.8,暴食与减肥的桥段印象深刻,30990, 2005-1 , 19.00元,https://book.douban.com/subject/1018153/
历史深处的忧虑,林达 ,9.0,窥见美国社会的一扇窗,28686, 1997-5 , 19.00元,https://book.douban.com/subject/1027191/
嫌疑人X的献身,东野圭吾 ,9.0,,33090, 2014-6 , 35.00元,https://book.douban.com/subject/25924253/
小时代2.0虚铜时代,郭敬明 ,6.3,淳朴自贡少年十里洋场欲海翻波为哪般,35940, 2010-1 , 26.80元,https://book.douban.com/subject/4038164/
金锁记,张爱玲 ,8.5,曹七巧就像希克厉，一个扭曲的英雄,30462, 2005-6 , 13.5元,https://book.douban.com/subject/3017857/
你好，旧时光（上 下）,八月长安 ,8.8,原作名切题,29774, 2009-12 , 39.80元,https://book.douban.com/subject/4166819/
东霓,笛安 ,8.1,自毁而偏执的东霓,30466, 2010-7-1 , 26.80元,https://book.douban.com/subject/4874131/
海贼王,尾田荣一郎 ,9.5,热血，梦想，希望,26706, 2007-11 , 7.50元,https://book.douban.com/subject/1474773/
那些回不去的年少时光,桐华 ,8.5,所有你曾热爱却正在遗忘的人和事,29765, 2010-01 , 23.80元,https://book.douban.com/subject/4231381/
孩子你慢慢来,龙应台 ,8.8,我们现在怎样做母亲,30324, 2009-12-1 , 28.00元,https://book.douban.com/subject/4207781/
橙,安东尼 ,8.2,定做一个刻着“不过如此”的章，盖在封面上,28622, 2010-10 , 28.80元,https://book.douban.com/subject/5327697/
悲惨世界（上中下）,[法] 雨果 ,8.9,现实主义与浪漫主义的至高杰作,27695, 1992-6 , 66.00元,https://book.douban.com/subject/1205054/
盗墓笔记4,南派三叔 ,8.4,蛇沼鬼城，坑越挖越多了,29232, 2008-11 , 32.80元,https://book.douban.com/subject/3266344/
巴别塔之犬,[美] 卡罗琳·帕克丝特 ,7.7,超越语言与生死的爱,29875, 2007-7 , 22.00元,https://book.douban.com/subject/2139305/
香水,[德] 帕·聚斯金德 ,8.5,恋味癖谋杀案,28108, 2005-5 , 20.00元,https://book.douban.com/subject/1292416/
梦里花落知多少,三毛 ,8.9,哀而不伤,29130, 2007-6 , 28.00元,https://book.douban.com/subject/2070844/
一只特立独行的猪,王小波 ,8.8,生活就是个缓慢受锤的过程，至少还可以特立独行,29952, 2006-4 , 18.80元,https://book.douban.com/subject/1767945/
局外人,[法] 阿尔贝·加缪 ,9.0,,37058, 2010-9 , 22.00元,https://book.douban.com/subject/4908885/
一个人的朝圣,【英】蕾秋·乔伊斯 ,8.1,,33794, 2013-9-1 , 32.80,https://book.douban.com/subject/24934182/
史蒂夫·乔布斯传,[美] 沃尔特·艾萨克森 ,8.7,完美主义者的最高形态,28259, 2011-10-24 , 68.00元,https://book.douban.com/subject/6798611/
看不见的城市,[意大利]伊塔洛·卡尔维诺 ,8.8,每一座城市都只在想象中耸立，又在描述中坍圮,27255, 2006-8 , 16.00元,https://book.douban.com/subject/1863930/
长恨歌,王安忆 ,8.2,现代上海史诗,29863, 2003-8 , 22.00元,https://book.douban.com/subject/1082349/
匆匆那年（上下）,九夜茴 ,8.3,不悔梦归处 只恨太匆匆,27752, 2008-1 , 29.00,https://book.douban.com/subject/2567919/
草样年华,孙睿 ,7.2,大学生活启蒙读物,30154, 2004-1 , 19.50元,https://book.douban.com/subject/1007334/
往事并不如烟,章诒和 ,8.6,知识分子的命运浮沉,26883, 2004-1 , 35.00元,https://book.douban.com/subject/1059336/
蔷薇岛屿,安妮宝贝 ,8.0,你们不会彼此遗忘。只会彼此消失,27807, 2002-8 , 18.00元,https://book.douban.com/subject/1063190/
我的路,寂地 ,8.6,忧郁的温暖,26135, 2004-10 , 20.00元,https://book.douban.com/subject/1431836/
菊与刀,（美）鲁思・本尼迪克特 ,8.2,复杂矛盾的日本民族,29816, 1990-6 , 16.00,https://book.douban.com/subject/1022238/
倾城之恋,张爱玲 ,8.7,棋逢对手，心照不宣,27030, 2006-12 , 29.80元,https://book.douban.com/subject/1985223/
刀锋,[英]毛姆 ,9.0,,29465, 2007-3 , 18.00元,https://book.douban.com/subject/2035162/
球状闪电,刘慈欣 ,8.7,量子之外，没有真相,28049, 2005-6 , 22.00元,https://book.douban.com/subject/1192090/
谁动了我的奶酪？,[美] 斯宾塞·约翰逊 ,7.1,鸡汤文始祖,30670, 2001-9 , 16.80元,https://book.douban.com/subject/1021056/
飞鸟集,[印] 罗宾德拉纳德·泰戈尔 ,8.8,淡泊，超脱,26239, 2004-6 , 16.80元,https://book.douban.com/subject/1058661/
七夜雪,沧月 ,8.4,抵不过时间,26089, 2006-10 , 25.00元,https://book.douban.com/subject/1919201/
曾有一个人，爱我如生命,舒仪 ,7.5,一见嘉遇误终身,27932, 2009-3 , 23.80,https://book.douban.com/subject/3506871/
那些年，我们一起追的女孩,九把刀 ,8.2,那些年错过的大雨,26738, 2007-1 , 20.00元,https://book.douban.com/subject/1958227/
伊豆的舞女,[日] 川端康成 ,8.2,静美又残酷，无限柔软的川端,27742, 2002-2 , 23.80元,https://book.douban.com/subject/1005521/
世界尽头与冷酷仙境,[日] 村上春树 ,8.6,交叉平行蒙太奇,26449, 2002-12 , 23.00元,https://book.douban.com/subject/1291809/
傲慢与偏见,[英] 奥斯丁 ,9.0,百般曲折，终成眷属,26302, 1996-12 , 11.00元,https://book.douban.com/subject/1401841/
最初的爱情 最后的仪式,[英] 伊恩·麦克尤恩 ,8.0,别被封面骗了,26783, 2010-2 , 22.00元,https://book.douban.com/subject/4011440/
鬼吹灯之云南虫谷,天下霸唱 ,8.0,恐虫症慎入,27214, 2006-11 , 26.80元,https://book.douban.com/subject/1926103/
明朝那些事儿（柒）：大结局,当年明月 ,8.9,大明崇祯万万年,25490, 2009-4 , 29.80元,https://book.douban.com/subject/3626924/
把时间当作朋友,李笑来 ,8.5,,26755, 2009-6 , 32.00元,https://book.douban.com/subject/3609132/
秘密,[澳] 朗达·拜恩 ,7.3,吸引力法则,28898, 2008-11 , 32.00,https://book.douban.com/subject/3266968/
天使与魔鬼,[美] 丹.布朗 ,8.2,科学与宗教的大乱斗,26305, 2005-2 , 29.80元,https://book.douban.com/subject/1228110/
拆掉思维里的墙,古典 ,7.9,解放思想，实事求是,27614, 2010-9 , 29.80元,https://book.douban.com/subject/4953695/
明朝那些事儿（陆）,当年明月 ,8.8,党争不息，西山日薄,25620, 2008-11 , 28.80,https://book.douban.com/subject/3274113/
佛祖在一号线,李海鹏 ,8.2,嬉笑怒骂的常识分子,25558, 2010-6 , 25.00元,https://book.douban.com/subject/4872671/
倚天屠龙记(共四册),金庸 ,8.5,不识张郎是张郎,25982, 1999-04 , 0,https://book.douban.com/subject/1070851/
阿狸·梦之城堡,hans ,9.0,治愈,24024, 2009-1 , 36.80元,https://book.douban.com/subject/3554154/
杜拉拉2华年似水,李可 ,7.3,杜拉拉跳槽记,27307, 2009-1 , 28.00,https://book.douban.com/subject/3323987/
不朽,落落 ,7.6,所有须臾，化为不朽,26582, 2007-12 , 22.00,https://book.douban.com/subject/2382705/
